FrameNr,NumberMidPoints,MidPoint_1_x,MidPoint_1_y,MidPoint_2_x,MidPoint_2_y,MidPoint_3_x,MidPoint_3_y,MidPoint_4_x,MidPoint_4_y,MidPoint_5_x,MidPoint_5_y,MidPoint_6_x,MidPoint_6_y,MidPoint_7_x,MidPoint_7_y
1,1,1671.8560830860533,1046.2240356083087,NaN,NaN,NaN,NaN,NaN,NaN,NaN,NaN,NaN,NaN,NaN,NaN
2,1,1670.9583333333333,1083.2589285714287,NaN,NaN,NaN,NaN,NaN,NaN,NaN,NaN,NaN,NaN,NaN,NaN
3,1,1669.9471299093655,1120.1858006042296,NaN,NaN,NaN,NaN,NaN,NaN,NaN,NaN,NaN,NaN,NaN,NaN
4,1,1668.9303405572755,1156.7879256965944,NaN,NaN,NaN,NaN,NaN,NaN,NaN,NaN,NaN,NaN,NaN,NaN
5,1,1667.752336448598,1193.4408099688474,NaN,NaN,NaN,NaN,NaN,NaN,NaN,NaN,NaN,NaN,NaN,NaN
6,1,1666.746875,1229.69375,NaN,NaN,NaN,NaN,NaN,NaN,NaN,NaN,NaN,NaN,NaN,NaN
7,1,1665.644171779141,1265.7361963190183,NaN,NaN,NaN,NaN,NaN,NaN,NaN,NaN,NaN,NaN,NaN,NaN
8,1,1558.640350877193,24.87280701754389,NaN,NaN,NaN,NaN,NaN,NaN,NaN,NaN,NaN,NaN,NaN,NaN
9,1,1558.544052863436,62.83039647577084,NaN,NaN,NaN,NaN,NaN,NaN,NaN,NaN,NaN,NaN,NaN,NaN
10,1,1558.3761467889908,101.01834862385317,NaN,NaN,NaN,NaN,NaN,NaN,NaN,NaN,NaN,NaN,NaN,NaN
11,1,1558.3697674418604,139.16046511627906,NaN,NaN,NaN,NaN,NaN,NaN,NaN,NaN,NaN,NaN,NaN,NaN
12,2,1558.0777777777778,177.2155555555555,422.49585062240664,40.45435684647305,NaN,NaN,NaN,NaN,NaN,NaN,NaN,NaN,NaN,NaN
13,2,1557.867256637168,215.46017699115055,421.3529411764706,78.86134453781506,NaN,NaN,NaN,NaN,NaN,NaN,NaN,NaN,NaN,NaN
14,2,1557.657894736842,253.52631578947376,419.7307692307692,117.482905982906,NaN,NaN,NaN,NaN,NaN,NaN,NaN,NaN,NaN,NaN
15,3,1557.5093896713615,291.69248826291084,418.41379310344826,155.75862068965512,2120.904761904762,39.01587301587301,NaN,NaN,NaN,NaN,NaN,NaN,NaN,NaN
16,3,1557.435,329.79499999999996,416.94954128440367,194.3761467889908,2121.1094420600857,75.48283261802567,NaN,NaN,NaN,NaN,NaN,NaN,NaN,NaN
17,4,1557.1462264150944,367.9622641509434,415.50892857142856,232.9866071428571,2121.3704453441296,112.07085020242926,719.0990990990991,21.135135135135215,NaN,NaN,NaN,NaN,NaN,NaN
18,4,1556.9502369668246,406.0924170616114,414.12719298245617,271.530701754386,2121.516,148.51199999999994,718.7034632034632,58.4783549783549,NaN,NaN,NaN,NaN,NaN,NaN
19,4,1556.8909090909092,444.32727272727277,412.6774891774892,309.8722943722944,2121.703187250996,184.9342629482071,718.408695652174,96.,NaN,NaN,NaN,NaN,NaN,NaN
20,4,1556.6221719457014,482.38687782805425,411.2598253275109,348.6091703056769,2121.9899598393577,221.3514056224899,717.8788546255506,133.24008810572695,NaN,NaN,NaN,NaN,NaN,NaN
21,4,1556.5422535211267,520.6830985915493,409.99295774647885,387.0023474178404,2122.31512605042,257.88655462184875,717.6612903225806,170.610599078341,NaN,NaN,NaN,NaN,NaN,NaN
22,4,1556.1934673366834,558.8015075376884,408.54716981132077,425.59433962264154,2122.5299145299145,294.59829059829065,717.1492890995261,208.0876777251185,NaN,NaN,NaN,NaN,NaN,NaN
23,4,1555.9782608695652,596.9685990338164,407.2906976744186,464.20232558139537,2122.7240663900416,330.95643153526976,716.8720930232558,245.5744186046511,NaN,NaN,NaN,NaN,NaN,NaN
24,4,1555.8703703703704,635.1388888888889,406.1272727272727,502.7863636363636,2122.7804878048782,367.42682926829264,716.4372197309417,283.1143497757847,NaN,NaN,NaN,NaN,NaN,NaN
25,4,1555.4367588932807,673.8201581027668,404.8022222222222,541.3666666666667,2123.0856573705178,404.0537848605578,716.2022222222222,320.59333333333336,NaN,NaN,NaN,NaN,NaN,NaN
26,4,1555.1190476190477,711.7888888888889,403.74311926605503,579.9036697247707,2123.104081632653,440.67959183673474,715.8256880733945,358.0825688073395,NaN,NaN,NaN,NaN,NaN,NaN
27,4,1554.7324159021407,749.9220183486239,402.6469194312796,618.3056872037914,2123.176595744681,477.32553191489365,715.5943396226415,395.61792452830184,NaN,NaN,NaN,NaN,NaN,NaN
28,4,1554.3835820895522,787.7119402985074,401.73636363636365,657.1045454545455,2123.0789473684213,513.8771929824561,715.3009708737864,433.1019417475728,NaN,NaN,NaN,NaN,NaN,NaN
29,4,1553.934017595308,825.5791788856304,400.9526315789474,695.8087719298246,2122.9767932489453,550.6054852320675,715.1056338028169,470.78169014084506,NaN,NaN,NaN,NaN,NaN,NaN
30,4,1553.4241982507288,863.2551020408164,400.1792452830189,733.9025157232704,2123.0582329317267,587.2710843373494,714.8348416289592,508.3009049773756,NaN,NaN,NaN,NaN,NaN,NaN
31,4,1552.9231884057972,901.0246376811594,399.5276073619632,772.3466257668712,2123.0179282868526,624.0498007968127,714.425925925926,545.9722222222222,NaN,NaN,NaN,NaN,NaN,NaN
32,4,1552.3181818181818,938.7463343108504,398.8730886850153,810.5183486238532,2122.824528301887,660.933962264151,714.1729857819905,583.6706161137441,NaN,NaN,NaN,NaN,NaN,NaN
33,4,1551.6845238095239,976.1785714285714,398.3753894080997,848.702492211838,2122.503367003367,697.6245791245791,714.02,621.25,NaN,NaN,NaN,NaN,NaN,NaN
34,4,1551.1727828746177,1013.4816513761468,397.95283018867923,886.8962264150944,2122.309210526316,734.0263157894736,713.9423076923077,659.0480769230769,NaN,NaN,NaN,NaN,NaN,NaN
35,4,1550.5060240963855,1050.5843373493976,397.68404907975463,924.819018404908,2121.7802359882007,770.5648967551623,713.9129692832764,696.9914675767918,NaN,NaN,NaN,NaN,NaN,NaN
36,4,1549.8053892215569,1087.4790419161677,397.3834355828221,962.5276073619632,2121.4269005847955,807.0964912280701,713.8447204968944,733.860248447205,NaN,NaN,NaN,NaN,NaN,NaN
37,4,1549.210447761194,1124.2910447761194,397.3333333333333,1000.2575757575758,2120.826470588235,843.4794117647059,713.9580838323353,771.5868263473054,NaN,NaN,NaN,NaN,NaN,NaN
38,4,1548.4659442724458,1160.5990712074304,397.22615384615386,1037.78,2120.039358600583,879.6661807580175,714.0945945945946,808.9774774774775,NaN,NaN,NaN,NaN,NaN,NaN
39,4,1547.6032258064515,1197.0548387096774,397.31410256410254,1074.9294871794873,2119.3463855421687,915.777108433735,714.3244514106583,846.280564263323,NaN,NaN,NaN,NaN,NaN,NaN
40,4,1546.9281150159745,1233.3019169329073,397.37106918238993,1112.191823899371,2118.340361445783,951.9939759036145,714.6042944785277,883.5153374233129,NaN,NaN,NaN,NaN,NaN,NaN
41,4,1546.0516129032258,1269.1032258064515,397.52523659305996,1149.1182965299686,2117.4456193353476,987.7719033232629,714.7439024390244,920.6524390243902,NaN,NaN,NaN,NaN,NaN,NaN
42,3,397.7460567823344,1185.6829652996846,2116.302431610942,1023.4392097264438,715.2807807807808,957.5270270270271,NaN,NaN,NaN,NaN,NaN,NaN,NaN,NaN
43,3,398.190625,1222.296875,2115.318181818182,1058.9757575757576,715.5335365853658,994.3993902439024,NaN,NaN,NaN,NaN,NaN,NaN,NaN,NaN
44,4,398.6258064516129,1258.6354838709678,2113.938271604938,1094.2777777777778,715.898773006135,1030.9969325153374,1214.0740740740741,36.05092592592587,NaN,NaN,NaN,NaN,NaN,NaN
45,3,2112.6152647975077,1129.5841121495328,716.4721362229102,1067.496904024768,1214.1315789473683,74.61004784688998,NaN,NaN,NaN,NaN,NaN,NaN,NaN,NaN
46,3,2111.298761609907,1164.6764705882354,716.8699059561128,1103.9482758620688,1214.1697674418604,112.79767441860463,NaN,NaN,NaN,NaN,NaN,NaN,NaN,NaN
47,3,2109.692073170732,1199.4207317073171,717.5496894409938,1139.9534161490683,1214.240909090909,151.0181818181818,NaN,NaN,NaN,NaN,NaN,NaN,NaN,NaN
48,3,2108.1181818181817,1234.1090909090908,718.15625,1175.971875,1214.283185840708,189.18584070796464,NaN,NaN,NaN,NaN,NaN,NaN,NaN,NaN
49,3,2106.58,1268.4107692307693,718.794670846395,1211.6442006269592,1214.3372093023256,227.51395348837218,NaN,NaN,NaN,NaN,NaN,NaN,NaN,NaN
50,2,719.5512820512821,1247.25,1214.237089201878,265.66431924882636,NaN,NaN,NaN,NaN,NaN,NaN,NaN,NaN,NaN,NaN
51,2,720.461038961039,1282.6266233766235,1214.1323529411766,303.87745098039215,NaN,NaN,NaN,NaN,NaN,NaN,NaN,NaN,NaN,NaN
52,1,1214.125,342.1538461538462,NaN,NaN,NaN,NaN,NaN,NaN,NaN,NaN,NaN,NaN,NaN,NaN
53,1,1214.2136363636364,380.4909090909091,NaN,NaN,NaN,NaN,NaN,NaN,NaN,NaN,NaN,NaN,NaN,NaN
54,1,1214.1744186046512,418.6209302325582,NaN,NaN,NaN,NaN,NaN,NaN,NaN,NaN,NaN,NaN,NaN,NaN
55,1,1214.1682242990655,456.97196261682245,NaN,NaN,NaN,NaN,NaN,NaN,NaN,NaN,NaN,NaN,NaN,NaN
56,1,1214.1811594202898,495.1521739130435,NaN,NaN,NaN,NaN,NaN,NaN,NaN,NaN,NaN,NaN,NaN,NaN
57,1,1214.0431472081218,533.4187817258884,NaN,NaN,NaN,NaN,NaN,NaN,NaN,NaN,NaN,NaN,NaN,NaN
58,1,1213.9782608695652,571.8623188405797,NaN,NaN,NaN,NaN,NaN,NaN,NaN,NaN,NaN,NaN,NaN,NaN
59,1,1213.9279069767442,610.1279069767442,NaN,NaN,NaN,NaN,NaN,NaN,NaN,NaN,NaN,NaN,NaN,NaN
60,1,1213.7739726027398,648.5091324200913,NaN,NaN,NaN,NaN,NaN,NaN,NaN,NaN,NaN,NaN,NaN,NaN
61,1,1213.7992700729926,687.2335766423357,NaN,NaN,NaN,NaN,NaN,NaN,NaN,NaN,NaN,NaN,NaN,NaN
62,1,1213.590625,725.0125,NaN,NaN,NaN,NaN,NaN,NaN,NaN,NaN,NaN,NaN,NaN,NaN
63,1,1213.5388059701493,763.1746268656716,NaN,NaN,NaN,NaN,NaN,NaN,NaN,NaN,NaN,NaN,NaN,NaN
64,1,1213.4882352941177,801.2,NaN,NaN,NaN,NaN,NaN,NaN,NaN,NaN,NaN,NaN,NaN,NaN
65,1,1213.5233918128654,839.2017543859649,NaN,NaN,NaN,NaN,NaN,NaN,NaN,NaN,NaN,NaN,NaN,NaN
66,1,1213.4358600583091,877.0568513119533,NaN,NaN,NaN,NaN,NaN,NaN,NaN,NaN,NaN,NaN,NaN,NaN
67,1,1213.2626112759644,914.8560830860533,NaN,NaN,NaN,NaN,NaN,NaN,NaN,NaN,NaN,NaN,NaN,NaN
68,1,1213.3454545454545,952.4454545454546,NaN,NaN,NaN,NaN,NaN,NaN,NaN,NaN,NaN,NaN,NaN,NaN
69,1,1213.2621951219512,989.984756097561,NaN,NaN,NaN,NaN,NaN,NaN,NaN,NaN,NaN,NaN,NaN,NaN
70,1,1213.1805970149253,1027.431343283582,NaN,NaN,NaN,NaN,NaN,NaN,NaN,NaN,NaN,NaN,NaN,NaN
71,1,1213.103550295858,1064.4556213017752,NaN,NaN,NaN,NaN,NaN,NaN,NaN,NaN,NaN,NaN,NaN,NaN
72,1,1213.081818181818,1101.3848484848486,NaN,NaN,NaN,NaN,NaN,NaN,NaN,NaN,NaN,NaN,NaN,NaN
73,1,1212.935975609756,1138.1524390243903,NaN,NaN,NaN,NaN,NaN,NaN,NaN,NaN,NaN,NaN,NaN,NaN
74,1,1212.8936507936507,1174.7761904761905,NaN,NaN,NaN,NaN,NaN,NaN,NaN,NaN,NaN,NaN,NaN,NaN
75,1,1212.7738853503186,1211.2993630573249,NaN,NaN,NaN,NaN,NaN,NaN,NaN,NaN,NaN,NaN,NaN,NaN
76,1,1212.775,1247.5125,NaN,NaN,NaN,NaN,NaN,NaN,NaN,NaN,NaN,NaN,NaN,NaN
77,1,1212.6714285714286,1283.3666666666666,NaN,NaN,NaN,NaN,NaN,NaN,NaN,NaN,NaN,NaN,NaN,NaN
78,0,NaN,NaN,NaN,NaN,NaN,NaN,NaN,NaN,NaN,NaN,NaN,NaN,NaN,NaN
79,0,NaN,NaN,NaN,NaN,NaN,NaN,NaN,NaN,NaN,NaN,NaN,NaN,NaN,NaN
80,0,NaN,NaN,NaN,NaN,NaN,NaN,NaN,NaN,NaN,NaN,NaN,NaN,NaN,NaN
81,0,NaN,NaN,NaN,NaN,NaN,NaN,NaN,NaN,NaN,NaN,NaN,NaN,NaN,NaN
82,0,NaN,NaN,NaN,NaN,NaN,NaN,NaN,NaN,NaN,NaN,NaN,NaN,NaN,NaN
83,0,NaN,NaN,NaN,NaN,NaN,NaN,NaN,NaN,NaN,NaN,NaN,NaN,NaN,NaN
84,0,NaN,NaN,NaN,NaN,NaN,NaN,NaN,NaN,NaN,NaN,NaN,NaN,NaN,NaN
85,0,NaN,NaN,NaN,NaN,NaN,NaN,NaN,NaN,NaN,NaN,NaN,NaN,NaN,NaN
86,0,NaN,NaN,NaN,NaN,NaN,NaN,NaN,NaN,NaN,NaN,NaN,NaN,NaN,NaN
87,0,NaN,NaN,NaN,NaN,NaN,NaN,NaN,NaN,NaN,NaN,NaN,NaN,NaN,NaN
88,0,NaN,NaN,NaN,NaN,NaN,NaN,NaN,NaN,NaN,NaN,NaN,NaN,NaN,NaN
89,0,NaN,NaN,NaN,NaN,NaN,NaN,NaN,NaN,NaN,NaN,NaN,NaN,NaN,NaN
90,0,NaN,NaN,NaN,NaN,NaN,NaN,NaN,NaN,NaN,NaN,NaN,NaN,NaN,NaN
91,0,NaN,NaN,NaN,NaN,NaN,NaN,NaN,NaN,NaN,NaN,NaN,NaN,NaN,NaN
92,1,1496.5304347826086,35.269565217391346,NaN,NaN,NaN,NaN,NaN,NaN,NaN,NaN,NaN,NaN,NaN,NaN
93,1,1496.5663716814158,73.40265486725662,NaN,NaN,NaN,NaN,NaN,NaN,NaN,NaN,NaN,NaN,NaN,NaN
94,1,1496.6106382978724,111.58936170212769,NaN,NaN,NaN,NaN,NaN,NaN,NaN,NaN,NaN,NaN,NaN,NaN
95,1,1496.593220338983,149.67372881355936,NaN,NaN,NaN,NaN,NaN,NaN,NaN,NaN,NaN,NaN,NaN,NaN
96,1,1496.5393013100436,187.96288209606996,NaN,NaN,NaN,NaN,NaN,NaN,NaN,NaN,NaN,NaN,NaN,NaN
97,1,1496.6210762331839,226.19058295964123,NaN,NaN,NaN,NaN,NaN,NaN,NaN,NaN,NaN,NaN,NaN,NaN
98,1,1496.6712962962963,264.56944444444434,NaN,NaN,NaN,NaN,NaN,NaN,NaN,NaN,NaN,NaN,NaN,NaN
99,1,1496.6608695652174,302.8217391304348,NaN,NaN,NaN,NaN,NaN,NaN,NaN,NaN,NaN,NaN,NaN,NaN
100,1,1496.5877192982457,341.0350877192982,NaN,NaN,NaN,NaN,NaN,NaN,NaN,NaN,NaN,NaN,NaN,NaN
101,2,1496.5977777777778,379.2777777777778,728.2404255319149,21.444680851063822,NaN,NaN,NaN,NaN,NaN,NaN,NaN,NaN,NaN,NaN
102,2,1496.5493273542602,417.5493273542601,729.8231441048035,56.5,NaN,NaN,NaN,NaN,NaN,NaN,NaN,NaN,NaN,NaN
103,2,1496.5995260663508,455.92180094786727,731.684331797235,91.89170506912433,NaN,NaN,NaN,NaN,NaN,NaN,NaN,NaN,NaN,NaN
104,3,1496.5829493087558,494.19585253456216,733.2681818181818,127.2409090909091,605.8802816901408,39.809859154929654,NaN,NaN,NaN,NaN,NaN,NaN,NaN,NaN
105,3,1496.6221719457014,532.5542986425339,735.0377777777778,162.49555555555548,605.5896860986547,78.4910313901346,NaN,NaN,NaN,NaN,NaN,NaN,NaN,NaN
106,3,1496.5535714285713,570.9553571428571,736.6497797356828,197.67180616740097,605.396860986547,116.92600896860995,NaN,NaN,NaN,NaN,NaN,NaN,NaN,NaN
107,3,1496.6645021645022,609.3787878787879,738.4181034482758,233.0215517241379,605.1488888888889,155.57555555555564,NaN,NaN,NaN,NaN,NaN,NaN,NaN,NaN
108,3,1496.5266666666666,647.6866666666666,739.9343891402715,268.38687782805437,604.8696682464455,194.17298578199052,NaN,NaN,NaN,NaN,NaN,NaN,NaN,NaN
109,3,1496.2985347985348,686.419413919414,741.7095238095238,303.8666666666667,604.4803921568628,232.72058823529414,NaN,NaN,NaN,NaN,NaN,NaN,NaN,NaN
110,3,1496.3895899053628,724.3958990536278,743.377358490566,339.33018867924534,604.1616915422885,271.33084577114437,NaN,NaN,NaN,NaN,NaN,NaN,NaN,NaN
111,3,1496.1521739130435,762.7028985507246,745.059633027523,374.7706422018349,604.,310.0333333333333,NaN,NaN,NaN,NaN,NaN,NaN,NaN,NaN
112,3,1495.9828571428573,800.8428571428572,746.5844444444444,410.2644444444444,603.7443438914028,348.7714932126697,NaN,NaN,NaN,NaN,NaN,NaN,NaN,NaN
113,4,1495.8040935672514,838.859649122807,748.3340807174887,445.66143497757844,603.4952606635071,387.43364928909955,1910.2113821138212,11.227642276422785,NaN,NaN,NaN,NaN,NaN,NaN
114,4,1495.4736070381232,876.7258064516129,750.0373831775701,481.0420560747664,603.2219512195122,426.0756097560976,1909.954918032787,48.97131147540995,NaN,NaN,NaN,NaN,NaN,NaN
115,4,1495.229411764706,914.6441176470588,751.7087378640776,516.6456310679612,603.1030927835052,464.7680412371134,1909.7758620689656,86.73706896551721,NaN,NaN,NaN,NaN,NaN,NaN
116,4,1494.9631268436578,952.4144542772862,753.3164251207729,552.2149758454107,602.9234693877551,503.5,1909.5692640692641,124.66883116883128,NaN,NaN,NaN,NaN,NaN,NaN
117,5,1494.625730994152,989.9649122807018,754.9840182648402,587.6872146118722,602.8446601941747,542.2912621359224,1909.454356846473,162.5539419087138,209.54905660377358,19.61698113207558,NaN,NaN,NaN,NaN
118,5,1494.2947214076246,1027.4237536656892,756.7557077625571,623.2123287671233,602.7610837438424,581.1699507389162,1909.309917355372,200.35950413223145,208.492277992278,57.64671814671806,NaN,NaN,NaN,NaN
119,5,1493.9970760233919,1064.622807017544,758.6238938053098,658.7654867256637,602.8188405797101,619.8140096618357,1909.1541666666667,238.14166666666665,207.484375,95.61328125,NaN,NaN,NaN,NaN
120,5,1493.5239520958085,1101.6437125748503,760.5,694.5,602.7985781990521,658.5947867298578,1908.951754385965,275.84649122807014,206.584,133.5519999999999,NaN,NaN,NaN,NaN
121,5,1493.226153846154,1138.6261538461538,762.4174603174603,729.5444444444445,602.992700729927,697.6277372262774,1908.9583333333333,313.949074074074,205.6344537815126,171.61344537815125,NaN,NaN,NaN,NaN
122,6,1492.6268882175227,1175.2673716012084,764.4174311926605,764.8272171253823,603.2834394904459,735.6624203821656,1908.621212121212,351.71212121212125,204.71115537848607,209.50796812749013,840.4529914529915,19.431623931624017,NaN,NaN
123,7,1492.138036809816,1211.846625766871,766.4221556886228,800.2365269461078,603.3888888888889,774.4074074074074,1908.5338983050847,389.6059322033898,203.8031496062992,247.4448818897638,840.1765957446809,57.78085106382969,148.0801526717557,20.946564885496173
124,7,1491.623076923077,1247.986153846154,768.4422492401216,835.4118541033434,603.7492307692307,812.86,1908.2744680851065,427.6021276595744,202.9941634241245,285.50389105058366,839.7100840336135,96.06722689075627,147.8587786259542,59.31679389312967
125,7,1491.2391304347825,1284.0714285714287,770.4969512195122,870.3353658536585,604.1128048780488,851.1006097560976,1908.171052631579,465.4122807017544,202.11507936507937,323.468253968254,839.439393939394,134.28787878787875,147.44163424124514,97.88910505836566
126,6,772.5804953560372,905.3049535603716,604.617088607595,889.3354430379748,1907.787037037037,503.3935185185185,201.23819742489272,361.49141630901283,839.2136363636364,172.5999999999999,147.1437246963563,136.38663967611342,NaN,NaN
127,6,774.7198142414861,940.21826625387,605.278125,927.478125,1907.532110091743,541.1926605504588,200.48744769874477,399.5418410041841,838.9811320754717,210.94811320754707,146.70491803278688,175.03688524590166,NaN,NaN
128,7,777.0245398773006,974.861963190184,605.746875,965.521875,1907.371111111111,579.2244444444444,199.51652892561984,437.5330578512396,838.5493273542601,249.298206278027,146.30241935483872,213.625,869.2592592592592,46.796296296296305
129,7,779.2865853658536,1009.359756097561,606.4024390243902,1003.310975609756,1906.8836206896551,617.2715517241379,198.6825726141079,475.56639004149383,838.1872246696036,287.5044052863436,145.91666666666666,251.984126984127,868.6727272727272,85.2772727272727
130,7,781.625,1043.6341463414633,607.1018237082067,1040.919452887538,1906.577868852459,655.0409836065573,197.98582995951418,513.6417004048583,837.7982456140351,325.79824561403507,145.5078431372549,290.48039215686276,867.8288288288288,123.58558558558548
131,7,607.8722397476341,1078.4400630914827,783.7638036809816,1077.9325153374234,1905.9623287671234,692.9520547945206,197.23305084745763,551.6271186440678,837.6090909090909,364.1181818181818,145.172131147541,329.0081967213115,867.3761904761905,162.08571428571418
132,7,608.6570512820513,1115.573717948718,786.2365079365079,1112.0015873015873,1905.4683544303798,730.4525316455696,196.58333333333334,589.6535087719299,837.2677725118483,402.5805687203791,144.64957264957266,367.64102564102564,866.818407960199,200.6044776119404
133,7,609.6474358974359,1152.75,788.5384615384615,1145.8974358974358,1904.8588235294117,768.2117647058824,195.99159663865547,627.890756302521,836.9114832535885,440.8923444976076,144.385593220339,406.22033898305085,866.2005076142132,239.07868020304568
134,7,610.5543130990416,1189.682108626198,791.0755627009646,1179.4646302250803,1904.121301775148,805.8668639053254,195.73282442748092,666.0572519083969,836.5733944954128,479.2798165137615,143.85021097046413,444.7447257383966,865.4004739336493,277.47630331753555
135,7,611.6261829652997,1226.263406940063,793.503125,1212.759375,1903.4705882352941,843.3029411764705,195.39028213166145,703.9952978056426,836.2743362831858,517.4646017699115,143.53703703703704,483.19547325102883,864.8084112149533,315.9345794392524
136,7,612.8047619047619,1262.5285714285715,795.9696485623003,1246.0335463258787,1902.6055718475072,880.6642228739004,195.15781710914453,741.9277286135693,836.105504587156,555.7752293577981,143.31012658227849,521.8628691983122,864.088785046729,354.36448598130846
137,6,798.5285714285715,1279.0555555555557,1901.5825958702064,917.9218289085545,195.03735632183907,779.7614942528736,835.8127962085308,594.1682464454976,143.22765957446808,560.4829787234042,863.5382775119617,392.8062200956938,NaN,NaN
138,5,1900.762686567164,955.0701492537314,194.9593023255814,817.4040697674418,835.7107843137255,632.6421568627451,143.05156950672645,598.957399103139,862.948275862069,431.076354679803,NaN,NaN,NaN,NaN
139,5,1899.663076923077,992.1123076923077,195.13716814159292,855.240412979351,835.5515021459228,671.2854077253219,143.07939914163092,637.6330472103004,862.3802083333334,469.625,NaN,NaN,NaN,NaN
140,5,1898.5602409638554,1028.9939759036145,195.298833819242,892.7827988338192,835.4476923076924,709.3523076923077,143.1761565836299,676.4466192170819,861.9368932038835,508.1747572815534,NaN,NaN,NaN,NaN
141,5,1897.370481927711,1065.7018072289156,195.6783625730994,930.3654970760234,835.3742331288344,747.4478527607362,143.45652173913044,714.7018633540373,861.1682464454976,546.5758293838862,NaN,NaN,NaN,NaN
142,5,1896.1439169139467,1102.146884272997,196.1315789473684,967.46783625731,835.4033232628399,785.4305135951662,143.84402332361515,753.2172011661808,860.7184466019418,584.9660194174758,NaN,NaN,NaN,NaN
143,5,1894.776595744681,1138.40273556231,196.60850439882697,1004.8313782991202,835.3892215568862,823.502994011976,144.32005899705015,791.3200589970502,860.1570048309179,623.4806763285025,NaN,NaN,NaN,NaN
144,5,1893.3726114649683,1174.6624203821657,197.1909090909091,1041.7454545454545,835.4510703363915,861.4694189602446,144.95722713864308,829.759587020649,859.715,662.085,NaN,NaN,NaN,NaN
145,5,1891.8993710691823,1210.5566037735848,197.98511904761904,1078.892857142857,835.472972972973,899.448948948949,145.40434782608696,867.9811594202898,859.1748251748252,700.7587412587412,NaN,NaN,NaN,NaN
146,5,1890.43125,1246.275,198.94411764705882,1115.5,835.655223880597,936.9716417910447,146.3150289017341,905.9277456647399,858.9433656957929,738.6974110032362,NaN,NaN,NaN,NaN
147,5,1888.8492063492063,1281.7190476190476,199.8284023668639,1151.9763313609467,835.9822485207101,974.5059171597634,147.3057971014493,943.7173913043478,858.5611620795107,777.0229357798165,NaN,NaN,NaN,NaN
148,4,200.95833333333334,1188.4285714285713,836.0899705014749,1011.8362831858408,148.14655172413794,981.4741379310344,858.3384146341464,815.2073170731708,NaN,NaN,NaN,NaN,NaN,NaN
149,4,202.13302752293578,1224.3990825688074,836.512084592145,1048.953172205438,149.42352941176472,1019.0470588235294,858.0924764890282,853.3652037617555,NaN,NaN,NaN,NaN,NaN,NaN
150,4,203.3858024691358,1260.3765432098764,836.7704402515724,1085.9748427672955,150.7688821752266,1056.3972809667673,857.7283950617284,891.3641975308642,NaN,NaN,NaN,NaN,NaN,NaN
151,3,837.2399380804953,1122.7260061919505,151.97321428571428,1093.5833333333333,857.6052631578947,929.1842105263158,NaN,NaN,NaN,NaN,NaN,NaN,NaN,NaN
152,3,837.569696969697,1159.5030303030303,153.58630952380952,1130.6011904761904,857.5828220858896,966.6533742331288,NaN,NaN,NaN,NaN,NaN,NaN,NaN,NaN
153,4,837.9878048780488,1195.7347560975609,155.0735294117647,1167.5176470588235,857.4107692307692,1004.2723076923078,567.2560975609756,33.,NaN,NaN,NaN,NaN,NaN,NaN
154,4,838.5560747663551,1231.721183800623,156.81437125748502,1204.1377245508982,857.4012345679013,1041.462962962963,567.918410041841,71.27405857740587,NaN,NaN,NaN,NaN,NaN,NaN
155,4,838.9134615384615,1267.7628205128206,158.4969512195122,1240.4268292682927,857.4622641509434,1078.7295597484276,568.7198275862069,109.52155172413791,NaN,NaN,NaN,NaN,NaN,NaN
156,4,160.31931464174454,1276.771028037383,857.2834394904459,1115.6783439490446,569.4372197309417,147.76457399103128,1451.183257918552,33.66289592760177,NaN,NaN,NaN,NaN,NaN,NaN
157,3,857.4022082018928,1152.3864353312304,570.0043859649123,186.21052631578937,1450.868888888889,71.78444444444449,NaN,NaN,NaN,NaN,NaN,NaN,NaN,NaN
158,3,857.4113924050633,1188.9303797468353,570.6890756302521,224.43277310924373,1450.6244635193134,109.75321888412009,NaN,NaN,NaN,NaN,NaN,NaN,NaN,NaN
159,3,857.4905956112852,1225.396551724138,571.4021276595745,262.5978723404255,1450.3793103448277,147.8405172413793,NaN,NaN,NaN,NaN,NaN,NaN,NaN,NaN
160,4,857.623417721519,1261.5474683544303,571.804347826087,300.7391304347826,1450.2244444444445,185.7311111111112,663.7857142857143,32.36974789915962,NaN,NaN,NaN,NaN,NaN,NaN
161,3,572.647465437788,339.14976958525347,1449.8818181818183,223.62727272727284,663.3008849557522,70.62831858407071,NaN,NaN,NaN,NaN,NaN,NaN,NaN,NaN
162,3,573.3317757009346,377.41121495327104,1449.6220657276995,261.7394366197184,662.7159624413146,108.78169014084506,NaN,NaN,NaN,NaN,NaN,NaN,NaN,NaN
163,4,573.9557522123894,415.68584070796464,1449.4735682819382,299.7334801762114,662.2268722466961,146.97577092511006,496.14435146443515,43.50836820083691,NaN,NaN,NaN,NaN,NaN,NaN
164,4,574.538961038961,453.9761904761905,1449.2510917030568,337.66593886462886,661.5862068965517,185.3060344827586,497.00607287449395,81.18825910931173,NaN,NaN,NaN,NaN,NaN,NaN
165,4,575.3766519823788,492.11674008810576,1448.8304347826088,375.5869565217391,661.2316017316017,223.409090909091,497.74691358024694,118.8251028806585,NaN,NaN,NaN,NaN,NaN,NaN
166,4,575.8909090909091,530.2772727272727,1448.592105263158,413.6929824561404,660.6,261.52173913043475,498.6181434599156,156.51265822784808,NaN,NaN,NaN,NaN,NaN,NaN
167,4,576.709756097561,568.5536585365853,1448.1796116504854,451.8592233009708,660.0943396226415,299.75,499.43273542600895,194.25336322869953,NaN,NaN,NaN,NaN,NaN,NaN
168,4,577.4521531100479,606.7870813397129,1448.068720379147,489.7654028436019,659.5,337.9449541284404,500.0339366515837,231.83936651583713,NaN,NaN,NaN,NaN,NaN,NaN
169,4,578.1849315068494,645.066210045662,1447.6531531531532,527.7927927927927,659.042600896861,376.2399103139013,500.8495575221239,269.5088495575221,NaN,NaN,NaN,NaN,NaN,NaN
170,4,579.0845588235294,683.5735294117648,1447.330357142857,565.875,658.5308370044053,414.2885462555066,501.60043668122273,307.3471615720524,NaN,NaN,NaN,NaN,NaN,NaN
171,4,580.0229357798165,721.454128440367,1446.852422907489,603.9361233480176,658.0584415584416,452.3744588744589,502.4347826086956,344.9043478260869,NaN,NaN,NaN,NaN,NaN,NaN
172,4,581.0535168195719,759.5917431192661,1446.5950226244345,642.0384615384615,657.4909090909091,490.4636363636364,502.9409090909091,382.5818181818182,NaN,NaN,NaN,NaN,NaN,NaN
173,4,582.2716049382716,797.3827160493827,1446.1781609195402,680.5574712643678,657.1086956521739,528.6787439613527,503.6520737327189,420.315668202765,NaN,NaN,NaN,NaN,NaN,NaN
174,4,583.320987654321,835.3734567901234,1445.740506329114,718.2405063291139,656.7608695652174,566.8333333333334,504.4212962962963,458.074074074074,NaN,NaN,NaN,NaN,NaN,NaN
175,4,584.6402985074627,873.0880597014925,1445.32874617737,756.5244648318043,656.316513761468,604.9220183486239,505.34753363228697,495.6838565022422,NaN,NaN,NaN,NaN,NaN,NaN
176,4,585.7312312312313,910.8033033033033,1444.9171428571428,794.0285714285715,656.0414847161572,643.1899563318777,505.98034934497815,533.382096069869,NaN,NaN,NaN,NaN,NaN,NaN
177,4,587.2861445783133,948.1114457831325,1444.3866279069769,831.7906976744187,655.7676579925651,681.596654275093,506.83488372093024,570.9651162790698,NaN,NaN,NaN,NaN,NaN,NaN
178,4,588.6503067484663,985.4785276073619,1443.9553314121038,869.514409221902,655.5433436532508,719.3173374613003,507.7824074074074,608.8981481481482,NaN,NaN,NaN,NaN,NaN,NaN
179,4,590.2391304347826,1022.6459627329193,1443.4585798816568,907.1538461538462,655.4559748427673,757.3396226415094,508.64814814814815,646.6111111111111,NaN,NaN,NaN,NaN,NaN,NaN
180,4,591.7229102167182,1059.7167182662538,1442.9122807017543,944.6111111111111,655.2994011976048,795.0748502994012,509.7386363636364,684.7083333333334,NaN,NaN,NaN,NaN,NaN,NaN
181,4,593.46,1096.583076923077,1442.3250728862974,982.0043731778426,655.311209439528,832.7861356932153,510.6671732522796,721.983282674772,NaN,NaN,NaN,NaN,NaN,NaN
182,4,595.0507692307692,1133.1738461538462,1441.684750733138,1019.1099706744868,655.290909090909,870.5969696969697,511.8711656441718,759.6963190184049,NaN,NaN,NaN,NaN,NaN,NaN
183,4,596.7577639751553,1169.5900621118012,1441.2478005865103,1056.2155425219942,655.3053892215569,908.1497005988024,513.0952380952381,797.2172619047619,NaN,NaN,NaN,NaN,NaN,NaN
184,4,598.4904761904762,1205.9063492063492,1440.496996996997,1093.2327327327328,655.5,945.5,514.442942942943,834.5540540540541,NaN,NaN,NaN,NaN,NaN,NaN
185,5,600.3770226537217,1241.9336569579289,1439.8159509202453,1129.7914110429447,655.6316614420062,982.9012539184953,515.7246153846154,871.936923076923,148.23705179282868,41.79880478087648,NaN,NaN,NaN,NaN
186,5,602.2724358974359,1277.6185897435898,1439.3865030674847,1166.4386503067485,655.848623853211,1020.1238532110092,517.2530120481928,909.3524096385543,147.72779922779924,79.1100386100386,NaN,NaN,NaN,NaN
187,4,1438.5307692307692,1202.7707692307692,656.2507598784194,1057.0410334346504,518.6437308868501,946.3134556574923,147.45817490494298,116.41254752851705,NaN,NaN,NaN,NaN,NaN,NaN
188,4,1437.8496932515338,1238.8220858895706,656.577399380805,1093.9148606811145,520.3066465256798,983.1948640483383,146.9214559386973,153.79118773946357,NaN,NaN,NaN,NaN,NaN,NaN
189,5,1437.2716049382716,1274.6234567901236,657.0214723926381,1130.426380368098,521.811377245509,1020.0628742514971,146.34942084942085,191.09459459459458,57.29026217228464,13.507490636704233,NaN,NaN,NaN,NaN
190,4,657.4937304075235,1166.7978056426332,523.5648148148148,1056.6728395061727,145.90983606557376,228.54508196721304,56.22047244094488,52.45275590551182,NaN,NaN,NaN,NaN,NaN,NaN
191,4,658.077922077922,1203.1818181818182,525.4688473520249,1093.2538940809968,145.41322314049586,265.9876033057851,55.22156862745098,91.55882352941171,NaN,NaN,NaN,NaN,NaN,NaN
192,4,658.6762820512821,1239.0064102564102,527.3266253869969,1129.3885448916408,144.86437246963564,303.5080971659919,54.013513513513516,130.58108108108104,NaN,NaN,NaN,NaN,NaN,NaN
193,4,659.339116719243,1274.8280757097791,529.3385093167702,1165.5217391304348,144.62156862745098,340.9980392156863,53.128352490421456,169.65708812260527,NaN,NaN,NaN,NaN,NaN,NaN
194,3,531.3738461538461,1201.4815384615385,144.25390625,378.3984375,51.99624060150376,208.7593984962407,NaN,NaN,NaN,NaN,NaN,NaN,NaN,NaN
195,3,533.3481012658228,1236.9620253164558,143.97430830039525,416.07312252964425,51.21259842519685,247.98425196850394,NaN,NaN,NaN,NaN,NaN,NaN,NaN,NaN
196,3,535.3821656050956,1272.5509554140128,143.77426160337552,453.6392405063291,50.25303643724696,286.96963562753035,NaN,NaN,NaN,NaN,NaN,NaN,NaN,NaN
197,2,143.48706896551724,491.1810344827586,49.5,326.23749999999995,NaN,NaN,NaN,NaN,NaN,NaN,NaN,NaN,NaN,NaN
198,2,143.32627118644066,528.8008474576271,48.56147540983606,365.29098360655735,NaN,NaN,NaN,NaN,NaN,NaN,NaN,NaN,NaN,NaN
199,2,142.9918699186992,566.3170731707318,47.59842519685039,404.35826771653547,NaN,NaN,NaN,NaN,NaN,NaN,NaN,NaN,NaN,NaN
200,2,142.7,604.1244897959184,46.75301204819277,443.5281124497992,NaN,NaN,NaN,NaN,NaN,NaN,NaN,NaN,NaN,NaN
201,2,142.69521912350598,641.8665338645418,45.91152263374486,482.62757201646093,NaN,NaN,NaN,NaN,NaN,NaN,NaN,NaN,NaN,NaN
202,2,142.7736842105263,679.4929824561403,45.302575107296136,521.7274678111588,NaN,NaN,NaN,NaN,NaN,NaN,NaN,NaN,NaN,NaN
203,2,142.92633228840126,716.9137931034483,44.67937219730942,560.9484304932736,NaN,NaN,NaN,NaN,NaN,NaN,NaN,NaN,NaN,NaN
204,2,143.1646884272997,754.4673590504451,44.148979591836735,600.0836734693878,NaN,NaN,NaN,NaN,NaN,NaN,NaN,NaN,NaN,NaN
205,2,143.50291545189503,791.7303206997085,43.7589641434263,639.1334661354582,NaN,NaN,NaN,NaN,NaN,NaN,NaN,NaN,NaN,NaN
206,3,144.15706051873198,829.1801152737753,43.54137931034483,678.4275862068965,727.6422594142259,24.826359832635944,NaN,NaN,NaN,NaN,NaN,NaN,NaN,NaN
207,3,144.72543352601156,866.349710982659,43.41588785046729,717.2414330218069,728.,63.40598290598291,NaN,NaN,NaN,NaN,NaN,NaN,NaN,NaN
208,3,145.51497005988023,903.3502994011976,43.329850746268654,756.2910447761194,728.2972350230415,102.08986175115206,NaN,NaN,NaN,NaN,NaN,NaN,NaN,NaN
209,3,146.22485207100593,940.3757396449704,43.497142857142855,794.9857142857143,728.6160714285714,140.68303571428578,NaN,NaN,NaN,NaN,NaN,NaN,NaN,NaN
210,3,147.2433628318584,977.2994100294985,43.66524216524216,833.7678062678062,728.792576419214,179.44759825327515,NaN,NaN,NaN,NaN,NaN,NaN,NaN,NaN
211,3,148.2485549132948,1014.0809248554913,44.03257790368272,872.2195467422096,729.3086956521739,217.98260869565206,NaN,NaN,NaN,NaN,NaN,NaN,NaN,NaN
212,4,149.4467455621302,1050.5828402366865,44.35959885386819,910.8724928366762,729.4568965517242,256.64224137931024,584.8801652892562,46.75206611570252,NaN,NaN,NaN,NaN,NaN,NaN
213,4,150.70178041543028,1086.9836795252227,45.017341040462426,949.0549132947976,729.6294642857143,295.40625,584.8125,84.90178571428578,NaN,NaN,NaN,NaN,NaN,NaN
214,4,152.03012048192772,1123.2710843373493,45.62463768115942,987.3376811594203,729.9641148325359,334.01674641148327,584.8272727272728,123.2227272727273,NaN,NaN,NaN,NaN,NaN,NaN
215,4,153.48176291793314,1159.420972644377,46.427536231884055,1025.523188405797,730.241935483871,372.87327188940094,584.852422907489,161.5528634361233,NaN,NaN,NaN,NaN,NaN,NaN
216,5,155.10542168674698,1195.05421686747,47.410979228486646,1063.5919881305638,730.54,411.6155555555556,584.9304347826087,199.6782608695653,1482.8133047210301,23.6416309012875,NaN,NaN,NaN,NaN
217,5,156.82835820895522,1230.6492537313434,48.373198847262245,1101.2089337175792,730.7869565217392,450.50869565217397,584.9,237.89166666666665,1483.7050209205022,61.55020920502102,NaN,NaN,NaN,NaN
218,5,158.66918429003022,1266.1706948640483,49.75581395348837,1138.7441860465117,731.1192660550458,488.99541284403665,584.9361233480176,276.1607929515419,1484.568376068376,99.51282051282055,NaN,NaN,NaN,NaN
219,4,51.145161290322584,1176.159824046921,731.3847926267281,527.6612903225806,584.8818181818182,314.2590909090909,1485.2885462555066,137.28854625550662,NaN,NaN,NaN,NaN,NaN,NaN
220,4,52.49393939393939,1213.3484848484848,731.8039215686274,566.5294117647059,584.9428571428572,352.4761904761905,1485.9905660377358,175.11320754716985,NaN,NaN,NaN,NaN,NaN,NaN
221,4,54.001474926253685,1250.2345132743362,732.1255924170616,605.2914691943128,584.9082568807339,390.7706422018349,1486.8177570093458,212.99065420560737,NaN,NaN,NaN,NaN,NaN,NaN
222,4,55.6812865497076,1286.8157894736842,732.5044642857143,644.1294642857143,584.9070796460177,428.8185840707964,1487.4736842105262,250.93421052631584,NaN,NaN,NaN,NaN,NaN,NaN
223,3,733.0604395604396,683.4230769230769,584.9755555555555,467.10888888888894,1488.34,288.70888888888885,NaN,NaN,NaN,NaN,NaN,NaN,NaN,NaN
224,3,733.4909638554217,721.5963855421687,585.2354260089686,505.3789237668161,1488.9140969162995,326.5528634361234,NaN,NaN,NaN,NaN,NaN,NaN,NaN,NaN
225,3,734.1869300911854,760.3297872340426,585.3899082568807,543.683486238532,1489.5366972477063,364.5825688073395,NaN,NaN,NaN,NaN,NaN,NaN,NaN,NaN
226,3,734.8394495412844,798.8975535168196,585.5485436893204,582.0388349514564,1490.264423076923,402.6730769230769,NaN,NaN,NaN,NaN,NaN,NaN,NaN,NaN
227,3,735.5361445783133,837.4186746987953,585.7995391705069,620.2327188940092,1491.0181818181818,440.54090909090905,NaN,NaN,NaN,NaN,NaN,NaN,NaN,NaN
228,4,736.3157894736842,875.6812865497076,586.1120689655172,658.7112068965517,1491.5892857142858,478.45982142857144,852.1637554585153,32.46943231441037,NaN,NaN,NaN,NaN,NaN,NaN
229,5,737.0395894428152,914.0630498533724,586.4464882943143,697.1153846153846,1492.3968609865472,516.4641255605382,852.5877192982456,71.06140350877195,120.43846153846154,14.926923076923003,NaN,NaN,NaN,NaN
230,5,738.0292397660819,952.1081871345029,586.9537037037037,734.7808641975308,1493.02466367713,554.4596412556053,853.140350877193,109.4824561403509,120.25097276264592,52.550583657587595,NaN,NaN,NaN,NaN
231,5,738.9204204204204,990.1156156156156,587.5527950310559,772.7670807453416,1493.7995169082126,592.3357487922706,853.6981132075472,148.11320754716985,120.07831325301204,90.17871485943783,NaN,NaN,NaN,NaN
232,5,739.7921686746988,1027.9186746987953,588.1975308641976,810.8333333333333,1494.2254901960785,630.3970588235294,854.1086956521739,186.90579710144925,119.59387755102041,127.85918367346949,NaN,NaN,NaN,NaN
233,5,740.8934911242603,1065.6686390532545,588.8170731707318,848.7286585365854,1494.8361344537816,668.6764705882352,854.6851851851852,225.48148148148152,119.31349206349206,165.3690476190477,NaN,NaN,NaN,NaN
234,5,741.9216867469879,1103.0090361445782,589.5757575757576,886.5060606060606,1495.474358974359,706.5673076923077,855.3603603603603,263.9234234234234,119.13636363636364,203.0533596837945,NaN,NaN,NaN,NaN
235,5,743.1023738872403,1140.253709198813,590.4671641791044,924.2313432835821,1496.0525525525525,744.3798798798799,855.8022222222222,302.64666666666665,118.76254826254826,240.80888030888036,NaN,NaN,NaN,NaN
236,5,744.2815384615385,1177.2569230769232,591.5151515151515,961.6666666666667,1496.5755813953488,782.0697674418604,856.4861111111111,341.3148148148148,118.44354838709677,278.42338709677415,NaN,NaN,NaN,NaN
237,5,745.4145569620254,1214.2120253164558,592.5,998.9646153846154,1497.1028985507246,819.7289855072463,856.963768115942,379.98792270531396,118.22727272727273,316.0413223140496,NaN,NaN,NaN,NaN
238,5,746.6792452830189,1250.8993710691823,593.4216300940438,1036.3557993730408,1497.5792682926829,857.5182926829268,857.7914572864322,418.7311557788945,118.13333333333334,353.75,NaN,NaN,NaN,NaN
239,5,747.917445482866,1287.4065420560748,594.4418960244649,1073.4296636085628,1498.0462427745665,895.014450867052,858.2488151658767,457.542654028436,117.95267489711934,391.56584362139915,NaN,NaN,NaN,NaN
240,4,595.7181818181818,1110.260606060606,1498.5,932.2412790697674,858.8440366972477,496.1146788990826,117.872,429.17999999999995,NaN,NaN,NaN,NaN,NaN,NaN
241,4,596.7857142857143,1146.9099378881988,1498.812865497076,969.4298245614035,859.4532710280374,534.8224299065421,117.82244897959184,466.94897959183675,NaN,NaN,NaN,NaN,NaN,NaN
242,4,598.025,1183.4,1499.169616519174,1006.6356932153392,860.0951219512195,573.5536585365853,117.5875,504.70000000000005,NaN,NaN,NaN,NaN,NaN,NaN
243,4,599.3456591639872,1219.7475884244373,1499.551515151515,1043.4848484848485,860.7153846153847,612.3051282051282,117.4475982532751,542.4039301310044,NaN,NaN,NaN,NaN,NaN,NaN
244,4,600.7926045016077,1255.7443729903537,1499.744648318043,1080.5091743119267,861.2970297029703,651.0643564356436,117.29017857142857,580.2142857142857,NaN,NaN,NaN,NaN,NaN,NaN
245,4,1500.172619047619,1116.9761904761904,861.9767025089606,690.2096774193549,117.28512396694215,618.0371900826447,2296.1348122866893,110.22696245733778,NaN,NaN,NaN,NaN,NaN,NaN
246,4,1500.4113149847094,1153.3990825688074,862.6238670694864,728.3972809667674,117.21206225680933,655.8190661478599,2296.564189189189,148.96959459459458,NaN,NaN,NaN,NaN,NaN,NaN
247,4,1500.5611620795107,1189.5581039755352,863.539156626506,766.8885542168674,117.50660066006601,693.549504950495,2296.964406779661,185.51694915254234,NaN,NaN,NaN,NaN,NaN,NaN
248,3,1500.7167182662538,1225.6640866873065,864.2963525835867,805.4574468085107,117.74159021406727,730.9250764525993,NaN,NaN,NaN,NaN,NaN,NaN,NaN,NaN
249,3,1500.983660130719,1261.3235294117646,865.3119122257053,843.9514106583072,118.27910447761194,768.610447761194,NaN,NaN,NaN,NaN,NaN,NaN,NaN,NaN
250,3,866.1746987951807,882.316265060241,118.82069970845481,806.1472303206997,1877.6516393442623,19.885245901639337,NaN,NaN,NaN,NaN,NaN,NaN,NaN,NaN
251,3,867.1676646706587,920.4820359281437,119.41884057971015,843.7086956521739,1879.253036437247,58.4271255060728,NaN,NaN,NaN,NaN,NaN,NaN,NaN,NaN
252,3,868.0595238095239,958.6130952380952,120.12536023054756,880.9726224783861,1880.6463414634147,96.78455284552842,NaN,NaN,NaN,NaN,NaN,NaN,NaN,NaN
253,4,869.0770392749245,996.6480362537764,121.02312138728324,918.0549132947976,1882.0943775100402,135.14257028112456,2231.137037037037,13.266666666666652,NaN,NaN,NaN,NaN,NaN,NaN
254,4,870.0896656534954,1034.5607902735562,121.97492625368731,955.184365781711,1883.6016949152543,173.6906779661017,2230.910646387833,51.75855513307988,NaN,NaN,NaN,NaN,NaN,NaN
255,4,871.2258566978193,1072.2352024922118,123.10117302052785,992.2390029325513,1885.0652173913043,212.391304347826,2230.4176470588236,90.26470588235293,NaN,NaN,NaN,NaN,NaN,NaN
256,4,872.3411214953271,1109.6619937694704,124.22543352601156,1029.0722543352601,1886.4831932773109,250.8571428571429,2229.9615384615386,128.9000000000001,NaN,NaN,NaN,NaN,NaN,NaN
257,4,873.3364197530864,1146.9012345679012,125.58259587020649,1065.7625368731563,1887.8333333333333,289.4670781893004,2229.4846153846156,167.20769230769224,NaN,NaN,NaN,NaN,NaN,NaN
258,4,874.54,1184.0784615384616,127.,1102.2068965517242,1889.3775510204082,327.9775510204082,2229.023985239852,205.57380073800732,NaN,NaN,NaN,NaN,NaN,NaN
259,5,875.7547169811321,1220.867924528302,128.46153846153845,1138.473372781065,1890.6974789915967,366.4831932773109,2228.7131782945735,244.2131782945737,1600.226872246696,36.55286343612329,NaN,NaN,NaN,NaN
260,6,877.1322580645161,1257.5096774193548,130.15680473372782,1174.6479289940828,1892.255364806867,405.02789699570815,2228.18359375,282.66015625,1601.4414414414414,73.36486486486478,2008.6744680851064,46.55531914893618,NaN,NaN
261,5,131.86336336336336,1210.695195195195,1893.5263157894738,443.4649122807018,2227.879446640316,321.02964426877475,1602.4528301886792,110.18867924528308,2010.2713004484306,84.70627802690592,NaN,NaN,NaN,NaN
262,5,133.65853658536585,1246.4908536585365,1894.7608695652175,482.0695652173913,2227.452755905512,359.72834645669286,1603.5779816513761,147.21100917431204,2011.8056768558952,123.25545851528386,NaN,NaN,NaN,NaN
263,5,135.68126888217523,1281.8232628398791,1896.202928870293,520.6004184100418,2226.9486692015207,398.26045627376425,1604.6592920353983,183.85398230088504,2013.3312757201645,161.47942386831278,NaN,NaN,NaN,NaN
264,4,1897.4163179916318,559.0857740585774,2226.435606060606,436.814393939394,1605.7901785714287,220.87053571428578,2014.6914893617022,199.82340425531925,NaN,NaN,NaN,NaN,NaN,NaN
265,4,1898.5905172413793,597.6896551724138,2225.8861003861,475.2644787644788,1606.8136363636363,257.62272727272716,2016.3733624454148,238.22925764192132,NaN,NaN,NaN,NaN,NaN,NaN
266,4,1899.655844155844,636.3614718614718,2225.2,513.928,1608.0190476190476,294.48095238095243,2017.7739130434782,276.5695652173913,NaN,NaN,NaN,NaN,NaN,NaN
267,4,1900.6811320754716,675.1867924528302,2224.5122950819673,552.6065573770492,1609.0074626865671,331.64925373134326,2019.2752293577983,315.02752293577987,NaN,NaN,NaN,NaN,NaN,NaN
268,4,1901.6253918495297,713.4968652037618,2223.7818532818533,591.2413127413128,1610.1,368.61162790697676,2020.7597402597403,353.53463203463207,NaN,NaN,NaN,NaN,NaN,NaN
269,4,1902.564024390244,752.0487804878048,2222.810606060606,629.9015151515151,1611.052036199095,405.53619909502265,2022.0714285714287,391.8896103896104,NaN,NaN,NaN,NaN,NaN,NaN
270,4,1903.320809248555,790.2196531791908,2221.690972222222,668.4895833333334,1612.081818181818,442.6954545454546,2023.5818965517242,430.3189655172414,NaN,NaN,NaN,NaN,NaN,NaN
271,4,1903.9913294797689,828.3063583815028,2220.6146496815286,707.0191082802547,1612.9976958525347,479.7027649769585,2024.9336283185842,468.7522123893805,NaN,NaN,NaN,NaN,NaN,NaN
272,4,1904.7,866.6164179104478,2219.469604863222,745.4817629179331,1613.895,516.76,2026.3450704225352,507.2276995305165,NaN,NaN,NaN,NaN,NaN,NaN
273,5,1905.3392857142858,904.6636904761905,2218.067335243553,783.7005730659026,1614.8658536585365,553.9,2027.6090909090908,545.8227272727273,2293.3129496402876,37.91726618705047,NaN,NaN,NaN,NaN
274,5,1905.9094955489613,942.6513353115727,2216.653846153846,822.0185185185185,1615.8886255924172,591.0023696682465,2028.7844444444445,584.3488888888888,2294.886029411765,76.22058823529414,NaN,NaN,NaN,NaN
275,6,1906.3466076696166,980.3053097345132,2215.0915492957747,860.1281690140845,1616.6146788990825,628.0871559633027,2029.8617021276596,622.8787234042553,2296.312274368231,114.38447653429603,2233.078125,25.0078125,NaN,NaN
276,6,1906.8157894736842,1017.8859649122808,2213.5085959885387,898.1275071633238,1617.4709543568465,665.350622406639,2030.9192307692308,661.3884615384616,2297.276119402985,152.49626865671644,2232.6439688715955,62.65953307392988,NaN,NaN
277,6,1907.2240356083087,1055.3961424332344,2211.795652173913,936.0420289855073,1618.1296296296296,702.3484848484849,2031.8050847457628,699.8152542372882,2297.434362934363,190.9671814671815,2232.4510204081635,100.38163265306116,NaN,NaN
278,6,1907.4538461538461,1092.4692307692308,2209.8654970760235,973.7894736842105,1618.9247491638796,738.8311036789298,2032.6475409836066,737.9426229508197,2297.5238095238096,229.25,2231.9495798319326,137.99579831932783,NaN,NaN
279,6,1907.4969230769232,1129.5984615384616,2207.8782991202347,1011.5205278592375,1619.629129129129,776.0525525525526,2033.5,776.4786585365854,2297.8891050583657,267.5817120622569,2231.5338983050847,175.57627118644064,NaN,NaN
280,6,1907.6932515337423,1166.426380368098,2205.813953488372,1048.9302325581396,2034.1973293768547,814.5385756676558,1620.2014925373135,812.7298507462687,2298.1428571428573,305.8947368421053,2231.285123966942,213.42148760330588,NaN,NaN
281,6,1907.8060606060606,1203.1030303030302,2203.686246418338,1086.090257879656,2034.785294117647,852.7705882352941,1620.890670553936,849.4650145772595,2298.2303370786517,344.13295880149815,2230.9268774703555,250.9505928853755,NaN,NaN
282,6,1907.6384615384616,1239.5307692307692,2201.4181286549706,1123.2602339181287,2035.2981927710844,890.6475903614457,1621.5207100591715,886.2189349112426,2298.1363636363635,382.3863636363636,2230.35306122449,288.5897959183674,NaN,NaN
283,6,1907.559375,1275.71875,2198.9542772861355,1160.0309734513276,2035.7319277108434,928.4668674698795,1621.9395280235988,922.5,2298.1171875,420.70703125,2229.768907563025,326.3487394957983,NaN,NaN
284,5,2196.5766871165642,1196.659509202454,2035.9646153846154,966.2784615384616,1622.3461538461538,958.9030769230769,2297.987804878049,459.04471544715443,2229.4210526315787,363.93859649122805,NaN,NaN,NaN,NaN
285,5,2193.9294294294295,1233.4249249249249,2036.2222222222222,1003.8148148148148,1622.7953846153846,995.2230769230769,2297.6967871485945,497.31526104417674,2229.1180257510728,401.5815450643777,NaN,NaN,NaN,NaN
286,5,2191.378048780488,1269.469512195122,2036.4294478527606,1041.40490797546,1623.2807807807808,1031.2777777777778,2297.173151750973,535.624513618677,2228.6322314049585,439.31404958677683,NaN,NaN,NaN,NaN
287,4,2036.596096096096,1078.5240240240241,1623.581818181818,1067.1242424242423,2296.5846153846155,573.876923076923,2228.095041322314,477.02479338842977,NaN,NaN,NaN,NaN,NaN,NaN
288,5,2036.454128440367,1115.551987767584,1623.8333333333333,1102.7121212121212,2296.0538461538463,612.2807692307692,2227.4958158995814,514.6213389121339,2191.5941176470587,14.001960784313724,NaN,NaN,NaN,NaN
289,5,2036.481308411215,1152.3691588785045,1624.2138364779873,1138.2767295597484,2295.333922261484,650.8533568904594,2226.972103004292,552.4141630901288,2193.0714285714284,52.15873015873012,NaN,NaN,NaN,NaN
290,5,2036.3938906752412,1189.0209003215434,1624.3967741935485,1173.541935483871,2294.4555555555557,688.8523809523809,2226.3693693693695,590.0855855855856,2194.4375,90.47499999999991,NaN,NaN,NaN,NaN
291,5,2036.16875,1225.434375,1624.709003215434,1208.7218649517686,2293.603343465046,726.8373860182371,2225.5245901639346,627.844262295082,2195.8253012048194,128.57630522088357,NaN,NaN,NaN,NaN
292,5,2035.696875,1261.50625,1624.7539682539682,1243.5698412698412,2292.6776504297995,765.0759312320916,2224.652727272727,665.6054545454546,2197.364541832669,166.8745019920318,NaN,NaN,NaN,NaN
293,4,1624.897476340694,1278.4022082018928,2291.598039215686,802.9089635854341,2223.744299674267,703.1188925081433,2198.7371541501975,205.009881422925,NaN,NaN,NaN,NaN,NaN,NaN
294,3,2290.323691460055,840.7947658402204,2222.716049382716,740.6975308641976,2199.986166007905,243.12055335968375,NaN,NaN,NaN,NaN,NaN,NaN,NaN,NaN
295,3,2289.0816618911176,878.5744985673352,2221.6107784431138,778.1287425149701,2201.3870292887027,281.2698744769874,NaN,NaN,NaN,NaN,NaN,NaN,NaN,NaN
296,3,2287.7011494252874,916.1379310344828,2220.285714285714,815.625,2202.640425531915,319.57234042553193,NaN,NaN,NaN,NaN,NaN,NaN,NaN,NaN
297,3,2286.0714285714284,953.6771428571428,2219.05,852.9117647058824,2203.8724696356276,357.83603238866397,NaN,NaN,NaN,NaN,NaN,NaN,NaN,NaN
298,3,2284.3732394366198,991.1422535211268,2217.559347181009,890.1676557863502,2205.228,395.948,NaN,NaN,NaN,NaN,NaN,NaN,NaN,NaN
299,3,2282.669971671388,1028.1770538243627,2216.0426136363635,927.247159090909,2206.5642570281125,434.2469879518072,NaN,NaN,NaN,NaN,NaN,NaN,NaN,NaN
300,3,2280.8343023255816,1065.1511627906978,2214.2715133531156,964.3338278931751,2207.570833333333,472.51250000000005,NaN,NaN,NaN,NaN,NaN,NaN,NaN,NaN
301,3,2278.8491124260354,1102.1420118343194,2212.6070336391435,1001.1452599388379,2208.694092827004,510.66455696202536,NaN,NaN,NaN,NaN,NaN,NaN,NaN,NaN
302,3,2276.7,1138.7149253731343,2210.7826747720364,1037.8981762917933,2209.7320675105484,549.0527426160338,NaN,NaN,NaN,NaN,NaN,NaN,NaN,NaN
303,3,2274.6831831831832,1175.3108108108108,2208.776595744681,1074.4148936170213,2210.7384937238494,587.244769874477,NaN,NaN,NaN,NaN,NaN,NaN,NaN,NaN
304,3,2272.352071005917,1211.48224852071,2206.8671641791043,1110.7149253731343,2211.6019607843136,625.6686274509804,NaN,NaN,NaN,NaN,NaN,NaN,NaN,NaN
305,3,2270.048104956268,1247.3221574344022,2204.7331288343557,1146.926380368098,2212.3592057761734,663.8790613718412,NaN,NaN,NaN,NaN,NaN,NaN,NaN,NaN
306,3,2267.639393939394,1283.1939393939394,2202.4692307692308,1182.8415384615384,2213.1523178807947,701.976821192053,NaN,NaN,NaN,NaN,NaN,NaN,NaN,NaN
307,2,2200.1708463949844,1218.653605015674,2213.745341614907,740.1583850931677,NaN,NaN,NaN,NaN,NaN,NaN,NaN,NaN,NaN,NaN
308,2,2197.710691823899,1254.2169811320755,2214.2627627627626,778.1126126126126,NaN,NaN,NaN,NaN,NaN,NaN,NaN,NaN,NaN,NaN
309,1,2214.6474926253686,816.1194690265487,NaN,NaN,NaN,NaN,NaN,NaN,NaN,NaN,NaN,NaN,NaN,NaN
310,1,2214.887931034483,854.0775862068965,NaN,NaN,NaN,NaN,NaN,NaN,NaN,NaN,NaN,NaN,NaN,NaN
311,1,2215.0520231213873,891.650289017341,NaN,NaN,NaN,NaN,NaN,NaN,NaN,NaN,NaN,NaN,NaN,NaN
312,1,2215.0689149560117,929.2888563049853,NaN,NaN,NaN,NaN,NaN,NaN,NaN,NaN,NaN,NaN,NaN,NaN
313,1,2215.1276276276276,966.8273273273273,NaN,NaN,NaN,NaN,NaN,NaN,NaN,NaN,NaN,NaN,NaN,NaN
314,1,2214.990963855422,1004.25,NaN,NaN,NaN,NaN,NaN,NaN,NaN,NaN,NaN,NaN,NaN,NaN
315,1,2214.7439759036147,1041.4487951807228,NaN,NaN,NaN,NaN,NaN,NaN,NaN,NaN,NaN,NaN,NaN,NaN
316,1,2214.5,1078.4071856287426,NaN,NaN,NaN,NaN,NaN,NaN,NaN,NaN,NaN,NaN,NaN,NaN
317,2,2213.9896142433236,1115.2626112759644,1960.6384615384616,39.18076923076933,NaN,NaN,NaN,NaN,NaN,NaN,NaN,NaN,NaN,NaN
318,3,2213.5493827160494,1151.787037037037,1960.0338645418326,77.08565737051799,1833.4959349593496,24.963414634146375,NaN,NaN,NaN,NaN,NaN,NaN,NaN,NaN
319,3,2212.8455657492354,1188.2339449541284,1959.5833333333333,114.85833333333335,1832.612970711297,62.86820083682005,NaN,NaN,NaN,NaN,NaN,NaN,NaN,NaN
320,3,2212.1728971962616,1224.5716510903426,1959.0991902834007,152.83198380566796,1831.6061224489797,101.07551020408164,NaN,NaN,NaN,NaN,NaN,NaN,NaN,NaN
321,3,2211.2446153846154,1260.6938461538462,1958.4799196787149,190.72489959839368,1830.7690763052208,139.25502008032117,NaN,NaN,NaN,NaN,NaN,NaN,NaN,NaN
322,2,1958.1356589147288,228.55426356589146,1829.91015625,177.16796875,NaN,NaN,NaN,NaN,NaN,NaN,NaN,NaN,NaN,NaN
323,2,1957.6084337349398,266.37148594377504,1829.056,215.41200000000003,NaN,NaN,NaN,NaN,NaN,NaN,NaN,NaN,NaN,NaN
324,3,1957.0368852459017,304.2622950819672,1828.0555555555557,253.4711934156378,912.972972972973,27.74324324324334,NaN,NaN,NaN,NaN,NaN,NaN,NaN,NaN
325,3,1956.465811965812,342.2692307692307,1827.0949367088608,291.66455696202536,913.8896713615023,65.92723004694835,NaN,NaN,NaN,NaN,NaN,NaN,NaN,NaN
326,3,1955.9025423728813,380.1186440677966,1826.1903765690377,329.9309623430962,914.5497737556561,104.11538461538453,NaN,NaN,NaN,NaN,NaN,NaN,NaN,NaN
327,3,1955.3616600790515,417.9110671936759,1825.2380952380952,367.9960317460317,915.2356828193832,142.35022026431716,NaN,NaN,NaN,NaN,NaN,NaN,NaN,NaN
328,3,1954.884,455.884,1824.2813765182186,406.3825910931174,915.9215246636771,180.46860986547085,NaN,NaN,NaN,NaN,NaN,NaN,NaN,NaN
329,3,1954.170781893004,493.64403292181066,1823.4259259259259,444.51646090534985,916.7009132420092,218.70091324200916,NaN,NaN,NaN,NaN,NaN,NaN,NaN,NaN
330,4,1953.5084033613446,531.6302521008404,1822.363829787234,482.7765957446809,917.5096153846154,256.8317307692307,2167.410204081633,26.434693877551126,NaN,NaN,NaN,NaN,NaN,NaN
331,4,1952.7727272727273,569.6212121212121,1821.4030837004404,521.0242290748898,918.3341708542714,295.0577889447236,2168.1987447698743,64.75104602510464,NaN,NaN,NaN,NaN,NaN,NaN
332,4,1951.938524590164,607.561475409836,1820.23417721519,559.415611814346,919.0592417061612,333.4052132701422,2169.090361445783,102.95381526104416,NaN,NaN,NaN,NaN,NaN,NaN
333,4,1951.1159695817491,645.6520912547528,1819.2238493723848,597.6087866108786,919.793023255814,371.6720930232558,2169.9313725490197,141.25294117647059,NaN,NaN,NaN,NaN,NaN,NaN
334,4,1950.1494845360826,683.4725085910653,1817.9516129032259,635.8467741935484,920.6461187214612,409.78767123287673,2170.887351778656,179.7608695652175,NaN,NaN,NaN,NaN,NaN,NaN
335,4,1949.0091463414635,721.1981707317074,1816.8236363636363,674.2309090909091,921.6367924528302,448.0471698113207,2171.828125,218.078125,NaN,NaN,NaN,NaN,NaN,NaN
336,4,1947.957227138643,759.1873156342183,1815.4715189873418,712.2088607594936,922.2282051282051,486.3461538461538,2172.5669456066944,256.5,NaN,NaN,NaN,NaN,NaN,NaN
337,4,1946.8304597701149,796.6034482758621,1814.0757575757575,750.6181818181818,923.1414141414141,524.6060606060606,2173.5371900826444,294.9090909090909,NaN,NaN,NaN,NaN,NaN,NaN
338,5,1945.4656160458453,834.1246418338109,1812.694842406877,788.4111747851003,924.0490196078431,562.9215686274509,2174.2008196721313,333.37295081967216,1751.1118721461187,14.31278538812785,NaN,NaN,NaN,NaN
339,5,1944.1332378223497,871.6604584527221,1811.0410764872522,826.1458923512748,924.8190476190476,601.0904761904762,2174.9920634920636,371.83730158730157,1751.9864864864865,53.05405405405395,NaN,NaN,NaN,NaN
340,6,1942.6370262390672,909.0131195335277,1809.5564971751412,864.0536723163841,925.6441860465117,639.5325581395349,2175.9664031620555,410.0098814229249,1753.02466367713,91.71076233183862,1687.020325203252,19.83739837398366,NaN,NaN
341,6,1941.234693877551,946.3104956268221,1808.0172413793102,901.6724137931035,926.5971659919028,678.2611336032388,2176.5958333333333,448.475,1753.9928909952607,130.414691943128,1686.6587982832618,58.0793991416308,NaN,NaN
342,6,1939.6880597014926,983.4970149253732,1806.2122093023256,939.2848837209302,927.5284810126582,716.0506329113924,2177.453191489362,486.7808510638298,1755.070731707317,169.08536585365846,1686.6711711711712,96.2702702702702,NaN,NaN
343,6,1938.0671641791046,1020.4850746268658,1804.4941176470588,976.7029411764706,928.5125786163522,754.559748427673,2178.045833333333,525.3833333333333,1756.0458937198068,207.97826086956525,1686.3873873873874,134.61261261261257,NaN,NaN
344,6,1936.404761904762,1057.1845238095239,1802.8439306358382,1013.9913294797689,929.565868263473,792.2934131736527,2178.5585774058577,563.8012552301255,1757.086046511628,246.6302325581396,1686.2173913043478,172.81304347826085,NaN,NaN
345,7,1934.6486880466473,1093.7973760932946,1800.9409221902017,1050.9841498559078,930.5266272189349,830.1094674556214,2179.1062992125985,602.1220472440945,1757.908071748879,285.3654708520179,1685.968085106383,211.2872340425531,1106.3384279475983,17.831877729257712
346,7,1932.841246290801,1130.2685459940653,1799.1224783861671,1087.9524495677233,931.6691394658753,868.0222551928783,2179.3192307692307,640.7384615384616,1758.9476190476191,324.052380952381,1685.791304347826,249.43913043478256,1106.632743362832,56.230088495575274
347,7,1930.820474777448,1166.473293768546,1797.2440476190477,1124.639880952381,932.7694610778443,905.6197604790419,2179.7256944444443,679.2222222222222,1760.0291262135922,362.86407766990294,1685.6659388646287,287.67903930131,1106.9660633484164,94.39592760180994
348,7,1928.934250764526,1202.3990825688074,1795.246951219512,1161.0670731707316,933.9373088685015,943.3470948012232,2179.7715654952076,717.2252396166134,1760.8756345177665,401.6015228426396,1685.3715596330276,326.08715596330273,1107.2971698113208,132.66037735849068
349,7,1926.903076923077,1238.186153846154,1793.1965944272447,1197.391640866873,935.1163141993958,980.7900302114804,2179.9805970149255,755.6940298507462,1761.8451776649747,440.5913705583756,1685.2116279069767,364.46279069767445,1107.7407407407406,171.
350,7,1924.8777089783282,1273.8684210526317,1791.2440476190477,1233.532738095238,936.3592814371258,1018.3023952095808,2179.9759206798867,793.6898016997168,1762.7380952380952,479.3380952380952,1684.9537444933922,402.852422907489,1108.0955555555556,209.49555555555548
351,6,1788.9819277108434,1269.3373493975903,937.5059347181009,1055.3367952522256,2179.8475783475783,831.7364672364672,1763.6142857142856,518.2190476190476,1684.674107142857,441.1741071428571,1108.46,247.9133333333334,NaN,NaN
352,5,938.8313253012049,1092.120481927711,2179.671014492754,869.7,1764.5238095238096,557.0571428571428,1684.4203539823009,479.3230088495575,1108.6704035874438,286.2219730941704,NaN,NaN,NaN,NaN
353,5,940.0261538461539,1128.8353846153846,2179.150429799427,907.4656160458453,1765.29,596.055,1684.2181818181818,517.6863636363636,1109.0943396226414,324.4292452830189,NaN,NaN,NaN,NaN
354,6,941.3553459119497,1165.5408805031448,2178.7705882352943,945.1676470588236,1766.264397905759,635.1910994764398,1683.936274509804,556.,1109.389447236181,362.7964824120603,1598.0779816513761,32.541284403669806,NaN,NaN
355,6,942.6739130434783,1202.,2178.186046511628,982.7616279069767,1766.7904564315352,674.4958506224067,1683.7155963302753,594.3807339449542,1109.653488372093,401.23488372093027,1597.6528384279477,70.60043668122262,NaN,NaN
356,7,943.9384858044164,1238.0678233438487,2177.6632047477747,1020.2181008902078,1767.5522875816994,712.9967320261438,1683.2866666666666,632.6866666666666,1109.947488584475,439.46347031963467,1597.3362068965516,108.71982758620697,1965.4288537549407,26.820158102766754
357,7,945.3825396825397,1274.0555555555557,2176.785294117647,1057.4352941176471,1768.1759259259259,752.0895061728395,1682.759842519685,671.3503937007874,1110.2981651376147,477.98165137614683,1596.7118644067796,147.02542372881362,1966.3503937007874,64.87401574803152
358,6,2176.0147928994083,1094.301775147929,1768.6863905325445,790.5177514792899,1682.3349206349205,709.3761904761905,1110.5995475113123,516.2058823529412,1596.404761904762,185.11038961038957,1967.4448818897638,102.72047244094483,NaN,NaN
359,6,2175.016717325228,1131.0866261398176,1769.2673716012084,829.2673716012084,1681.8777089783282,747.6919504643963,1110.9752475247524,554.4207920792079,1595.8577981651376,223.1788990825687,1968.4414225941423,140.51255230125525,NaN,NaN
